Symbol,Name,Exchange,Sector,Price,PricetoEarnings,DividendYield,EarningsperShare,FiftytwoWeekHigh,FiftytwoWeekLow,MarketCap_000s,EBITDA,PricetoSales,PricetoBook
MMM,3M Company,NYSE,Industrials,222.89,24.31,2.33,7.92,259.77,175.49,138721055,9048000000,4.3902707,11.34
AOS,A.O. Smith Corp,NYSE,Industrials,60.24,27.76,1.15,1.7,68.39,48.925,10783420,601000000,3.5754826,6.35
ABT,Abbott Laboratories,NYSE,Health_Care,56.27,22.51,1.91,0.26,64.6,42.28,102121042,5744000000,3.7404804,3.19
ABBV,AbbVie Inc.,NYSE,Health_Care,108.48,19.41,2.5,3.29,125.86,60.05,181386347,10310000000,6.291571,26.14
ACN,Accenture plc,NYSE,Information_Technology,150.51,25.47,1.71,5.44,162.6,114.82,98765856,5643228000,2.604117,10.62
AYI,Acuity Brands Inc,NYSE,Industrials,145.41,18.22,0.35,7.43,225.36,142,6242378,587800000,1.7953473,3.55
AAP,Advance Auto Parts,NYSE,Consumer_Discretionary,109.63,19.54,0.22,6.19,169.55,78.81,8123612,853941000,1.1301061,2.51
AES,AES Corp,NYSE,Utilities,10.06,9.96,4.96,-1.72,12.05,10,6920851,3001000000,0.65951383,2.2
AET,Aetna Inc,NYSE,Health_Care,178,18.11,1.1,5.75,194.4,119.51,59197016,4139000000,0.9923546,3.79
AMG,Affiliated Managers Group Inc,NYSE,Financials,179.11,12.24,0.64,12.07,216.995,148.81,10442174,1261400000,4.591235,2.89
AFL,AFLAC Inc,NYSE,Financials,83.25,12.24,2.43,11.01,91.73,68.8,33422948,0,1.5429344,1.53
A,Agilent Technologies Inc,NYSE,Health_Care,65.05,27.45,0.88,2.1,75,49.23,21984607,1094000000,6.493563,4.56
APD,Air Products & Chemicals Inc,NYSE,Materials,152.8,24.22,2.78,13.66,175.17,133.6301,34638387,2542500000,4.1163683,3.35
ALK,Alaska Air Group Inc,NYSE,Industrials,64.04,9.66,1.99,8.28,101.43,59.25,7903174,1665000000,0.9801092,2.21
ALB,Albemarle Corp,NYSE,Materials,105.18,26.03,1.2,5.66,144.99,90.35,11782151,686030000,5.3666205,2.98
ARE,Alexandria Real Estate Equities Inc,NYSE,Real_Estate,114.58,19.03,3.03,1.57,134.37,106.89,12043374,0,10.492155,2.07
ALLE,Allegion,NYSE,Industrials,77.32,21.07,0.8,2.37,89.81,66.72,7599609,531800000,4.265232,20.48
AGN,"Allergan, Plc",NYSE,Health_Care,164.2,10.65,1.64,38.35,256.8,160.07,56668834,-2888100000,4.820115,0.83
ADS,Alliance Data Systems,NYSE,Information_Technology,240.6,13.02,0.92,14.13,278.33,209,13632609,2143200000,1.7282298,8.28
LNT,Alliant Energy Corp,NYSE,Utilities,37.14,19.86,3.57,1.65,45.55,36.84,8670164,1168400000,3.4331481,2.13
ALL,Allstate Corp,NYSE,Financials,90.06,13.26,1.53,4.68,105.36,77.73,34759469,0,1.2085556,1.67
MO,Altria Group Inc,NYSE,Consumer_Staples,64.05,18.89,3.95,5.31,77.79,60.01,126985101,10773000000,4.945682,10.32
AEE,Ameren Corp,NYSE,Utilities,52.59,20.38,3.44,2.68,64.89,51.81,12905745,2298000000,2.693119,1.79
AXP,American Express Co,NYSE,Financials,88.34,15,1.5,2.9,102.385,75.51,80410990,0,2.273575,3.75
AIG,"American International Group, Inc.",NYSE,Financials,58.28,23.22,2.12,-0.76,67.3,57.85,54360073,0,1.4686536,0.75
AMT,American Tower Corp A,NYSE,Real_Estate,133.57,20.68,2,1.97,155.28,103.36,59213893,3792383000,11.954137,9.22
AWK,American Water Works Company Inc,NYSE,Utilities,76.06,26.23,2.13,2.63,92.37,71.89,13906146,1711000000,5.553833,2.55
AMP,Ameriprise Financial,NYSE,Financials,152.5,12.41,2.07,9.44,183.9,118.84,23472126,0,1.9493247,3.73
ABC,AmerisourceBergen Corp,NYSE,Health_Care,91.55,15.54,1.61,1.64,106.27,71.9,20587704,991884000,0.17396984,9.73
AME,AMETEK Inc,NYSE,Industrials,72.05,27.61,0.76,2.94,78.51,51.31,17139652,1025763000,4.015368,4.54
APH,Amphenol Corp,NYSE,Information_Technology,84.44,25.9,0.86,2.05,93.62,67.26,26955335,1671700000,3.85675,6.64
APC,Anadarko Petroleum Corp,NYSE,Energy,56.2,-21.29,1.7,-5.9,70,39.96,32129092,3115000000,3.9682212,2.88
ANTM,Anthem Inc.,NYSE,Health_Care,230.57,19.23,1.26,14.36,267.95,156.81,61221979,0,0.6696521,2.28
AON,Aon plc,NYSE,Financials,136.05,20.8,1.02,4.66,152.78,113.2201,35123123,1858000000,3.4972682,6.78
APA,Apache Corporation,NYSE,Energy,37.73,-251.53,2.53,-3.72,57.9,38.14,15066281,3265000000,3.651366,2.22
AIV,Apartment Investment & Management,NYSE,Real_Estate,38.21,15.6,3.88,1.95,46.855,38.85,6156884,874871000,6.187621,4.69
ADM,Archer-Daniels-Midland Co,NYSE,Consumer_Staples,41.35,17.45,3.18,2.17,47.44,38.59,23594771,2927000000,0.52478915,1.29
AJG,Arthur J. Gallagher & Co.,NYSE,Financials,64.4,21.05,2.48,2.54,70.55,53.63,11968488,888000000,1.9400215,2.92
AIZ,Assurant Inc,NYSE,Financials,85.16,33.27,2.53,9.08,106.985,85.91,4653994,0,0.9821866,1.12
T,AT&T Inc,NYSE,Telecomm_Services,35.57,12.14,5.42,4.76,42.7,32.55,226713270,49653000000,1.4083152,1.8
AZO,AutoZone Inc,NYSE,Consumer_Discretionary,718.57,16.31,0,44.09,797.89,491.13,19922021,2347304000,1.8510429,136.23
AVB,"AvalonBay Communities, Inc.",NYSE,Real_Estate,154.94,17.97,3.71,6.36,199.52,156.01,21856547,1331579000,10.251216,2.12
AVY,Avery Dennison Corp,NYSE,Materials,110.77,22.11,1.57,3.11,123.67,78.471,10104814,831200000,1.5206499,8.83
BLL,Ball Corp,NYSE,Materials,38.44,20.56,1.02,0.85,43.24,35.6,13767689,1317000000,1.5696399,3.62
BAC,Bank of America Corp,NYSE,Financials,29.74,16.34,1.54,1.55,32.67,22.07,321478201,0,3.2011874,1.24
BAX,Baxter International Inc.,NYSE,Health_Care,62.56,25.12,0.98,1.29,72.58,48.15,35713733,1832000000,3.4394414,3.77
BBT,BB&T Corporation,NYSE,Financials,51.07,16.26,2.45,2.74,55.99,41.17,42087563,0,3.4552107,1.55
BDX,Becton Dickinson,NYSE,Health_Care,211.44,22.28,1.35,4.65,248.3888,175.66,50910180,1537000000,5.6912947,3.98
BRK.B,Berkshire Hathaway,NYSE,Financials,191.42,30.43,0,9.76,217.62,160.93,261401204,0,1.4328232,1.58
BBY,Best Buy Co. Inc.,NYSE,Consumer_Discretionary,68.79,19.22,1.91,3.81,78.59,41.67,20831186,2555000000,0.76715523,4.79
BLK,BlackRock,NYSE,Financials,509.38,22.49,2.16,30.3,594.52,368,85907760,5684000000,6.9158196,2.95
HRB,Block H&R,NYSE,Financials,25.19,12.29,3.73,1.92,31.8,19.85,5381434,894754000,2.0188456,205.41
BA,Boeing Company,NYSE,Industrials,329.66,27.29,1.96,13.47,361.45,163.69,205617405,12476000000,2.1560605,182.86
BWA,BorgWarner,NYSE,Consumer_Discretionary,51.94,14.15,1.24,0.55,58.22,37.54,11596117,867900000,1.5831376,2.89
BXP,Boston Properties,NYSE,Real_Estate,112.09,18.05,2.77,2.93,140.13,111.87,17799878,1546846000,6.839459,3.15
BSX,Boston Scientific,NYSE,Health_Care,25.2,20,0,0.07,29.93,23.29,36142506,1726000000,4.055685,4.78
BMY,Bristol-Myers Squibb,NYSE,Health_Care,62.69,20.83,2.55,2.65,66.1,51.12,102506502,5170000000,6.503231,6.75
BF.B,Brown-Forman Corp.,NYSE,Consumer_Staples,63.33,37.04,1.12,1.7,69.9028,45.415,5498034,1139000000,1.8411398,12.36
COG,Cabot Oil & Gas,NYSE,Energy,23.01,60.55,1.03,-0.92,29.57,21.4,10808822,404951000,8.636729,4.21
CPB,Campbell Soup,NYSE,Consumer_Staples,44.83,14.84,3.13,2.89,64.23,43.5,13467193,1683000000,2.3898203,7.91
COF,Capital One Financial,NYSE,Financials,91.8,11.85,1.63,3.45,106.5,76.05,47637260,0,1.5931405,0.94
CAH,Cardinal Health Inc.,NYSE,Health_Care,66.63,12.29,2.84,4.04,84.88,54.66,20493281,1913000000,0.21131156,3.03
KMX,Carmax Inc,NYSE,Consumer_Discretionary,64.34,19.44,0,3.97,77.64,54.29,11827454,1339628000,0.6913859,3.55
CCL,Carnival Corp.,NYSE,Consumer_Discretionary,66.76,17.48,2.6,3.58,72.7,54.75,49180044,4711000000,2.8147783,2
CAT,Caterpillar Inc.,NYSE,Industrials,145.99,21.22,2.02,1.26,173.24,90.34,91822049,8136000000,2.0468428,5.75
CBG,CBRE Group,NYSE,Real_Estate,41.92,15.82,0,1.69,46.6,30.43,14440592,1652961000,1.4622321,3.74
CBS,CBS Corp.,NYSE,Consumer_Discretionary,51.8,12.05,1.35,2.81,70.095,52.75,20431396,2841000000,2.1055017,6.91
CNC,Centene Corporation,NYSE,Health_Care,100.36,19.12,0,3.23,112.42,65.03,18012495,2063000000,0.5028663,2.58
CNP,CenterPoint Energy,NYSE,Utilities,25.85,19.73,4.21,1,30.45,25.51,11362043,2337000000,1.6262617,3.21
CTL,CenturyLink Inc,NYSE,Telecomm_Services,16.2,8.35,12.66,1.16,27.61,13.161,18237197,5577000000,1.4795984,1.39
CF,CF Industries Holdings Inc,NYSE,Materials,37.46,-59.46,3.04,-1.2,43.98,25.04,9209107,711000000,3.0044448,2.81
SCHW,Charles Schwab Corporation,NYSE,Financials,48.9,29.82,0.77,1.61,56.25,37.16,69750189,0,7.949615,4.51
CHK,Chesapeake Energy,NYSE,Energy,2.82,4.7,0,-6.44,6.59,2.8,2626102,1470000000,0.40765184,1.84
CVX,Chevron Corp.,NYSE,Energy,112.3,27.52,3.89,4.85,133.88,102.55,218978820,28877000000,1.6489863,1.71
CMG,Chipotle Mexican Grill,NYSE,Consumer_Discretionary,266.01,45.86,0,0.8,499,263,7685284,401293000,2.5523853,6.11
CB,Chubb Limited,NYSE,Financials,140.39,17.5,1.93,8.2,157.5,130.17,68424671,0,2.0985637,1.35
CHD,Church & Dwight,NYSE,Consumer_Staples,47.38,24.42,1.84,2.92,54.1799,43.21,11838963,868000000,3.1682448,6.28
CI,CIGNA Corp.,NYSE,Health_Care,189.27,18.11,0.02,7.2,227.13,141.93,47680910,0,1.550762,3.39
XEC,Cimarex Energy,NYSE,Energy,100.19,26.37,0.3,-4.64,136.31,89.49,10089082,1061056000,7.556446,4.28
C,Citigroup Inc.,NYSE,Financials,71.87,13.48,1.71,-3.1,80.7,56.14,192709302,0,2.1857586,0.9
CFG,Citizens Financial Group,NYSE,Financials,42.19,16.04,1.96,3.27,48.23,31.51,22008051,0,3.3917346,1.08
CMS,CMS Energy,NYSE,Utilities,41.77,21.42,3.39,1.99,50.85,41.07,11873961,2099000000,2.4711676,2.65
KO,Coca-Cola Company (The),NYSE,Consumer_Staples,43.1,22.8,3.32,1.49,48.615,40.22,189855336,8589000000,6.822138,8.65
CL,Colgate-Palmolive,NYSE,Consumer_Staples,68.95,24.02,2.28,2.28,77.91,66.26,61616643,4064000000,4.000737,236.42
CMA,Comerica Inc.,NYSE,Financials,89.18,18.89,1.28,4.13,98.18,64.04,16274969,0,4.905472,1.96
CAG,Conagra Brands,NYSE,Consumer_Staples,35.49,18.2,2.37,1.46,41.68,32.16,14379718,1281200000,1.8294994,3.86
CXO,Concho Resources,NYSE,Energy,140.09,84.39,0,-11.04,162.91,106.73,22021882,2151190000,12.271951,2.61
COP,ConocoPhillips,NYSE,Energy,53.24,72.93,2.05,-0.65,61.315,42.265,65482462,5328000000,2.0764177,2.16
ED,Consolidated Edison,NYSE,Utilities,74.73,18.64,3.8,4.1,89.7,72.63,23335778,4288000000,2.960244,1.58
STZ,Constellation Brands,NYSE,Consumer_Staples,208.73,30.92,0.97,8.71,229.5,152.01,41697453,3033300000,5.145596,5.14
GLW,Corning Inc.,NYSE,Information_Technology,28.45,16.45,2.08,-0.78,35.1,26.31,25759280,2970000000,2.544682,1.71
COTY,"Coty, Inc",NYSE,Consumer_Staples,19.96,24.64,2.86,-0.63,21.175,14.24,13101113,211400000,2.0061796,1.37
CCI,Crown Castle International Corp.,NYSE,Real_Estate,103.81,21.45,3.86,1.02,114.97,86.93,44183023,2292600000,10.125291,3.54
CMI,Cummins Inc.,NYSE,Industrials,165.73,16.83,2.5,8.23,194.18,143.8301,28669231,2924000000,1.9406168,3.89
CVS,CVS Health,NYSE,Consumer_Staples,70.55,12.36,2.69,4.91,84,66.45,75323142,11704000000,0.549852,2.13
DHI,D. R. Horton,NYSE,Consumer_Discretionary,44.55,16.32,1.08,2.73,53.32,29.3716,17390874,1691000000,1.1931022,2.17
DHR,Danaher Corp.,NYSE,Health_Care,92.16,22.87,0.59,3.53,104.82,78.97,66351150,4339800000,3.688278,2.65
DRI,Darden Restaurants,NYSE,Consumer_Discretionary,91.33,22.72,2.65,3.81,100.11,71.7,11745595,997600000,1.5278828,5.89
DVA,DaVita Inc.,NYSE,Health_Care,71.91,20.55,0,4.3,80.71,52.51,13685178,2252294000,1.1451397,2.79
DE,Deere & Co.,NYSE,Industrials,153.66,23.14,1.49,6.64,171.96,106.72,52186629,4053300000,2.3746448,5.31
DAL,Delta Air Lines Inc.,NYSE,Industrials,51.23,10.37,2.27,4.94,60.79,43.81,38393604,8348000000,0.91792434,2.67
DVN,Devon Energy Corp.,NYSE,Energy,34.94,23.93,0.65,-6.89,47.25,28.7947,19317380,3723000000,2.0660408,2.85
DLR,Digital Realty Trust Inc,NYSE,Real_Estate,98.96,16.55,3.57,2.19,127.23,101.101,21400953,1260662000,12.434961,2.32
DFS,Discover Financial Services,NYSE,Financials,72.4,12.13,1.83,5.41,81.93,57.5,27433540,0,2.3610325,2.52
DG,Dollar General,NYSE,Consumer_Discretionary,95.1,21.18,1.06,4.43,105.82,65.97,26580645,2457604000,1.5283886,4.53
D,Dominion Energy,NYSE,Utilities,73.31,20.42,4.53,4.91,85.3,71.59,47543572,6428000000,3.7954214,2.96
DOV,Dover Corp.,NYSE,Industrials,96.2,23.87,1.88,5.15,109.06,75.51,15566646,1513291000,1.986176,3.59
DPS,Dr Pepper Snapple Group,NYSE,Consumer_Staples,116.93,26.57,1.97,4.54,126.65,83.23,21209784,1507000000,4.2149186,9.99
DTE,DTE Energy Co.,NYSE,Utilities,98.49,19.12,3.56,4.82,116.74,96.56,17808074,2790000000,1.9091922,1.95
DUK,Duke Energy,NYSE,Utilities,74.32,16.7,4.78,3.12,91.8,72.93,52078186,9895000000,2.9348857,1.27
DRE,Duke Realty Corp,NYSE,Real_Estate,24.52,19.77,3.15,0.88,30.14,24.73,9035293,529483000,16.077257,1.94
EMN,Eastman Chemical,NYSE,Materials,93.57,12.28,2.26,10.12,104.08,76.02,14226831,2152000000,1.4904785,2.78
ETN,Eaton Corporation,NYSE,Industrials,79.41,17.08,2.94,6.68,89.85,69.45,35961772,4253000000,1.8161736,2.17
ECL,Ecolab Inc.,NYSE,Materials,127.76,28.08,1.23,4.14,140.5,119.61,38460272,2848600000,3.7360687,5.28
EIX,Edison Int'l,NYSE,Utilities,58.07,13.23,4.05,3.96,83.38,58.76,19447671,4284000000,2.161095,1.59
EW,Edwards Lifesciences,NYSE,Health_Care,123.78,32.57,0,2.88,138.48,89.2,27447100,1156700000,7.8283277,8.48
EMR,Emerson Electric Company,NYSE,Industrials,66.4,25.74,2.81,2.35,74.45,56.77,44040298,2542000000,3.6707752,5.01
ETR,Entergy Corp.,NYSE,Utilities,72.02,10.65,4.89,-3.26,87.95,69.63,13116895,880700000,1.5543115,1.54
EVHC,Envision Healthcare,NYSE,Health_Care,35.34,10.91,0,-0.48,73,23.77,4212729,827200000,1.227099,0.64
EOG,EOG Resources,NYSE,Energy,101.04,246.44,0.63,-1.98,119,81.99,61164030,3692749000,8.02302,4.55
EQT,EQT Corporation,NYSE,Energy,46.25,53.16,0.25,-2.69,67.84,47.13,12638829,1518305000,6.4987307,2.15
EFX,Equifax Inc.,NYSE,Industrials,114,19.03,1.33,4.04,147.02,90.72,14121335,1141200000,5.6338058,4.59
EQR,Equity Residential,NYSE,Real_Estate,55.26,17.6,3.54,1.63,70.455,56.07,20925508,1710686000,8.593619,2.09
ESS,"Essex Property Trust, Inc.",NYSE,Real_Estate,218.28,18.66,3.21,6.27,270.04,214.03,14383525,1237886000,14.1830845,2.3
EL,Estee Lauder Cos.,NYSE,Consumer_Staples,131.46,37.78,1.13,3.35,138.74,81.69,49543264,2478000000,3.9522583,10.82
RE,Everest Re Group Ltd.,NYSE,Financials,241.06,27.24,2.11,23.71,277.17,208.81,10131893,0,2.0991988,1.16
EXR,Extra Space Storage,NYSE,Real_Estate,77.56,18.12,3.88,2.92,88.56,71.34,10133548,717468000,12.204818,4.54
XOM,Exxon Mobil Corp.,NYSE,Energy,76.07,21.37,4,1.88,89.3,76.05,326148660,39052000000,1.7701944,1.85
FRT,Federal Realty Investment Trust,NYSE,Real_Estate,108.11,18.35,3.59,3.5,143.79,109.74,8077369,540767000,12.898601,3.98
FDX,FedEx Corporation,NYSE,Industrials,239.27,19.45,0.8,11.07,274.66,182.89,67280479,8062000000,1.0751684,3.9
FIS,Fidelity National Information Services,NYSE,Information_Technology,92.74,22.08,1.32,1.72,103.65,77.63,32308460,2782000000,4.7038417,3.25
FE,FirstEnergy Corp,NYSE,Utilities,30.64,11.18,4.67,-14.49,35.22,27.93,13706075,-5067000000,1.2994481,2.19
FLS,Flowserve Corporation,NYSE,Industrials,40.82,26.17,1.83,1.12,51.92,37.51,5427885,463066000,2.0803037,3.15
FLR,Fluor Corp.,NYSE,Industrials,55.31,19.9,1.47,1.99,62.09,37.0351,7978485,709756000,0.5516402,2.4
FMC,FMC Corporation,NYSE,Materials,80.87,32.48,0.79,1.56,98.7,56.53,11273962,557800000,6.0089035,5.26
FL,Foot Locker Inc,NYSE,Consumer_Discretionary,45.88,9.5,2.58,4.91,77.86,28.42,5819080,957000000,1.0362948,
F,Ford Motor,NYSE,Consumer_Discretionary,10.43,5.89,6.78,1.9,13.48,10.19,42414328,9281000000,0.27054095,1.26
FBHS,Fortune Brands Home & Security,NYSE,Industrials,62.44,20.27,1.26,3.04,73.62,55.25,9624169,814500000,1.8434572,3.76
BEN,Franklin Resources,NYSE,Financials,38,12.67,2.33,3,47.65,37.01,21759188,2711300000,3.399101,1.83
FCX,Freeport-McMoRan Inc.,NYSE,Materials,17.16,14.67,1.12,1.24,20.25,11.05,25853969,5347000000,1.6538345,3.66
GPS,Gap Inc.,NYSE,Consumer_Discretionary,31.17,15.35,2.82,1.69,35.68,21.02,12684518,1959000000,1.1289738,3.93
IT,Gartner Inc,NYSE,Information_Technology,114.26,36.86,0,2.31,142.16,97.96,10828314,234935000,4.894499,13.47
GD,General Dynamics,NYSE,Industrials,206.05,20.71,1.56,9.55,229.54,181.94,64180391,4618000000,2.0481362,5.45
GE,General Electric,NYSE,Industrials,14.45,13.76,3.15,-0.72,30.59,14.71,132249296,-206000000,1.0887611,1.7
GGP,General Growth Properties Inc.,NYSE,Real_Estate,21.62,13.86,4.01,1.34,25.72,18.83,21018887,1740540000,17.003777,2.57
GIS,General Mills,NYSE,Consumer_Staples,53.99,17.53,3.59,2.77,63.73,49.65,31098243,3107600000,2.0389178,7.26
GM,General Motors,NYSE,Consumer_Discretionary,40.75,6.58,3.59,6,46.76,31.92,61536606,23541000000,0.5633218,1.33
GPC,Genuine Parts,NYSE,Consumer_Discretionary,96.31,21.17,2.72,4.6,107.75,79.86,14554322,1201517000,1.212236,4.33
GPN,Global Payments Inc.,NYSE,Information_Technology,100.59,27.86,0.04,1.58,113.26,76.47,16920023,960345000,5.775833,4.73
GS,Goldman Sachs Group,NYSE,Financials,246.35,12.44,1.17,8.61,273.79,209.62,96978500,0,2.309415,1.25
GWW,Grainger (W.W.) Inc.,NYSE,Industrials,258.6,22.57,1.97,10.02,298.145,155,14639308,1279846000,1.3995146,8.1
HAL,Halliburton Co.,NYSE,Energy,47.41,38.86,1.45,-0.53,57.86,38.181,43356557,2910000000,2.1424224,4.74
HBI,Hanesbrands Inc,NYSE,Consumer_Discretionary,19.57,10.04,2.73,1.41,25.73,18.9,8006269,926153000,1.6339768,6.17
HOG,Harley-Davidson,NYSE,Consumer_Discretionary,47.54,13.7,3.02,2.98,63.4,44.52,8158950,1058817000,1.66195,4.31
HRS,Harris Corporation,NYSE,Information_Technology,149.84,26.38,1.49,4.43,160.67,104.16,18140727,1368000000,2.9516637,5.88
HIG,Hartford Financial Svc.Gp.,NYSE,Financials,53.34,14.34,1.79,2.27,59.2,46.35,19926306,0,1.3939538,1.15
HCA,HCA Holdings,NYSE,Health_Care,95.97,14.07,1.42,5.94,106.84,71.18,34449053,8202000000,0.7251921,
HCP,HCP Inc.,NYSE,Real_Estate,22.64,10.99,6.33,1.33,33.67,22.8,10967756,1412684000,8.127109,1.97
HP,Helmerich & Payne,NYSE,Energy,64.87,-54.51,4.15,-1.2,75.02,42.16,7345244,483673000,3.7385862,1.62
HES,Hess Corporation,NYSE,Energy,43,-9.33,2.27,-19.94,55.48,37.25,14016130,-819000000,3.780475,1.08
HLT,Hilton Worldwide Holdings Inc,NYSE,Consumer_Discretionary,78.66,36.42,0.73,1.05,88.11,55.79,26242416,2815000000,3.7628453,17.67
HD,Home Depot,NYSE,Consumer_Discretionary,181.22,28.1,1.86,6.46,207.605,136.82,223378633,16513000000,2.8964398,84.08
HRL,Hormel Foods Corp.,NYSE,Consumer_Staples,32.21,20.39,2.29,1.57,38,29.75,17338613,1422305000,2.5174792,3.49
HST,Host Hotels & Resorts,NYSE,Real_Estate,18.75,11.23,4.11,1.02,21.53,17.26,14394715,1547000000,3.5549128,2.02
HPQ,HP Inc.,NYSE,Information_Technology,19.92,12.07,2.63,1.49,24.1,15.39,34895294,3700000000,0.8954903,0.66
HUM,Humana Inc.,NYSE,Health_Care,262.37,22.39,0.6,4.06,293.35,189.01,36973617,0,0.9256895,3.33
HII,Huntington Ingalls Industries,NYSE,Industrials,225.37,18.75,1.23,12.15,253.44,183.42,10628248,1107000000,1.8924941,6.04
ITW,Illinois Tool Works,NYSE,Industrials,156.15,23.62,1.91,4.86,179.07,126.52,55994378,3924000000,3.9286149,10.99
IR,Ingersoll-Rand PLC,NYSE,Industrials,87.6,19.38,1.97,5.07,97.67,77.26,22785451,1987100000,1.6147361,3.34
ICE,Intercontinental Exchange,NYSE,Financials,67,22.95,5.43,2.37,76.1378,56.8,41373051,3103000000,9.619987,2.62
IBM,International Business Machines,NYSE,Information_Technology,147.59,10.67,3.9,6.11,182.79,139.13,142433004,16557000000,1.817167,7.7
IP,International Paper,NYSE,Materials,56.05,15.57,3.21,5.14,66.94,49.6,24465996,3004000000,1.0738261,4.99
IPG,Interpublic Group,NYSE,Consumer_Discretionary,21.34,15.46,3.38,1.49,25.71,18.3,8277363,1074900000,1.4712903,4.01
IFF,Intl Flavors & Fragrances,NYSE,Materials,138,24.17,1.93,5.05,157.4,116.3,11270040,699963000,4.4208813,6.34
IVZ,Invesco Ltd.,NYSE,Financials,31.92,11.87,3.47,2.74,38.43,29.36,13620848,1606200000,2.6513786,1.62
IRM,Iron Mountain Incorporated,NYSE,Real_Estate,32.07,15.42,7.08,0.46,41.53,32.05,9410249,1116140000,3.2898626,4.97
JEC,Jacobs Engineering Group,NYSE,Industrials,62.82,19.45,0.91,2.43,72.18,49.31,9326484,409832000,1.2129636,2.01
SJM,JM Smucker,NYSE,Consumer_Staples,118.37,15.35,2.6,5.1,143.68,99.565,13612395,1411300000,2.496677,1.88
JNJ,Johnson & Johnson,NYSE,Health_Care,126.36,17.31,2.56,0.39,148.32,113.15,353062465,22430000000,4.6326222,4.74
JCI,Johnson Controls International,NYSE,Industrials,36.55,14,2.77,1.71,44.37,34.51,34822225,4295000000,1.1415336,1.69
JPM,JPMorgan Chase & Co.,NYSE,Financials,107.88,15.43,1.98,6.3,117.3529,81.635,386613611,0,3.3714993,1.6
JNPR,Juniper Networks,NYSE,Information_Technology,24.66,14.09,1.58,0.78,30.96,23.87,9267350,1115500000,1.8543326,1.78
KSU,Kansas City Southern,NYSE,Industrials,103.53,19.8,1.34,9.16,114.85,81.54,11037041,1295400000,4.281897,2.39
K,Kellogg Co.,NYSE,Consumer_Staples,65.98,16.5,3.36,1.95,76.69,58.76,22182795,1827000000,2.3173764,11.5
KEY,KeyCorp,NYSE,Financials,20.08,14.66,1.99,1.12,22.22,16.28,22589745,0,3.270451,1.55
KMB,Kimberly-Clark,NYSE,Consumer_Staples,111.69,17.93,3.56,6.41,136.21,109.67,39449596,4033000000,2.1947837,151.66
KIM,Kimco Realty,NYSE,Real_Estate,14.01,9.28,7.71,0.8,25.15,14.33,6180487,701190000,7.0508943,1.2
KMI,Kinder Morgan,NYSE,Energy,16.8,25.07,2.89,0.01,22.75,16.56,38612712,5981000000,2.823936,1.07
KSS,Kohl's Corp.,NYSE,Consumer_Discretionary,60.34,16.01,3.5,3.12,69.14,35.16,10570861,2286000000,0.8557757,2.04
KR,Kroger Co.,NYSE,Consumer_Staples,27.57,13.07,1.73,2.05,34.75,19.69,25471356,5342000000,0.27961263,4.02
LB,L Brands Inc.,NYSE,Consumer_Discretionary,47.77,12.77,4.89,3.98,63.1,35,13862043,2329000000,1.7060977,1403.38
LLL,L-3 Communications Holdings,NYSE,Industrials,198.79,23.14,1.44,8.51,218.705,159.43,16229343,1137000000,1.4884604,3.12
LH,Laboratory Corp. of America Holding,NYSE,Health_Care,165.46,17.79,0,7.02,181.715,130.292,17271388,1861200000,2.2459624,2.71
LEG,Leggett & Platt,NYSE,Consumer_Discretionary,43.99,17.88,3.15,2.76,54.97,42,6034600,447000000,2.0302901,4.89
LEN,Lennar Corp.,NYSE,Consumer_Discretionary,59.11,15.35,0.26,3.38,72.17,43.647053,14615967,1405319000,1.1468264,1.76
LUK,Leucadia National Corp.,NYSE,Financials,23.86,15.39,1.6,0.33,28.3,22.23,8910389,2201336000,1.0410156,0.84
LLY,Lilly (Eli) & Co.,NYSE,Health_Care,74.21,17.34,2.93,-0.2,89.09,75.71,84475986,3459800000,3.754678,5.73
LNC,Lincoln National,NYSE,Financials,73.86,9.49,1.68,9.24,86.68,61.45,17123031,0,1.201944,1.04
LMT,Lockheed Martin Corp.,NYSE,Industrials,334.3,24.28,2.32,6.83,361.79,256.4,98102120,7115000000,1.8781451,45.55
L,Loews Corp.,NYSE,Financials,46.05,15.99,4.51,1.93,53.59,45.01,16111167,0,1.5809761,0.85
LOW,Lowe's Cos.,NYSE,Consumer_Discretionary,95.01,23.87,1.64,3.46,108.98,70.76,82909679,7858000000,1.5653384,14.1
LYB,LyondellBasell,NYSE,Materials,105.79,10.35,3.26,12.25,121.95,78.01,43556650,6851000000,1.3037612,5.86
MTB,M&T Bank Corp.,NYSE,Financials,178.35,18.91,1.62,8.69,193.85,141.12,27840827,0,4.6277885,1.79
MAC,Macerich,NYSE,Real_Estate,58.36,14.81,4.92,3.43,69.73,52.12,8473119,503183000,11.394877,2.24
M,Macy's Inc.,NYSE,Consumer_Discretionary,24,7.67,6.1,1.98,33.73,17.405,7541063,2446000000,0.45503208,1.69
MRO,Marathon Oil Corp.,NYSE,Energy,15.68,-32,1.22,-2.65,19.52,10.55,13875005,2266000000,4.6578755,
MPC,Marathon Petroleum,NYSE,Energy,62.79,16.06,2.83,6.85,73.53,47.39,31633740,5978000000,0.42713487,2.43
MMC,Marsh & McLennan,NYSE,Financials,79.31,20.23,1.83,2.87,86.54,69.33,41819440,3236000000,2.9848945,5.85
MLM,Martin Marietta Materials,NYSE,Materials,208.42,30.38,0.8,6.63,244.32,191.09,13756813,975223000,4.416998,3.03
MAS,Masco Corp.,NYSE,Industrials,40.7,22.12,0.98,1.47,46.445,31.29,13428792,1179000000,2.308266,11.93
MA,Mastercard Inc.,NYSE,Information_Technology,160.62,34.99,0.59,3.65,177.11,105.8,187102014,7113000000,15.020556,26.93
MKC,McCormick & Co.,NYSE,Consumer_Staples,101.36,23.91,2.03,3.73,109.67,90.25,13459353,815700000,2.7788277,5.2
MCD,McDonald's Corp.,NYSE,Consumer_Discretionary,158.97,23.83,2.44,6.36,178.7,124.36,132101624,10515400000,5.770237,146.07
MCK,McKesson Corp.,NYSE,Health_Care,150.23,11.68,0.89,22.74,178.86,133.82,31534840,7232000000,0.15318617,2.68
MDT,Medtronic plc,NYSE,Health_Care,78.38,17.04,2.26,2.89,89.72,75.44,110107062,9204000000,4.944542,2.14
MRK,Merck & Co.,NYSE,Health_Care,54.73,13.75,3.44,1.4,66.8,53.63,152241530,8715000000,5.0893345,4.02
MET,MetLife Inc.,NYSE,Financials,44.28,8.52,3.46,0.63,56.58,44.58,48679364,0,1.0496864,0.85
MTD,Mettler Toledo,NYSE,Health_Care,601,35.56,0,14.24,697.26,459.34,16420774,666706000,8.372307,31.69
MGM,MGM Resorts International,NYSE,Consumer_Discretionary,33.5,29.65,1.27,1.92,38.41,25.15,19633674,2680385000,2.2276719,3.09
KORS,Michael Kors Holdings,NYSE,Consumer_Discretionary,60.03,14.29,0,3.31,69.95,32.38,10053919,456600000,3.1455927,5.4
MAA,Mid-America Apartments,NYSE,Real_Estate,85.39,14.38,4.2,2.86,110.95,86.95,9992629,871483000,6.6291075,1.6
MHK,Mohawk Industries,NYSE,Consumer_Discretionary,256.57,19.08,0,12.48,286.85,209.9,19897356,1750393000,2.7977824,2.88
TAP,Molson Coors Brewing Company,NYSE,Consumer_Staples,74.51,17.66,2.15,9.27,102.14,75.79,12396862,4708400000,1.2371694,1.34
MON,Monsanto Co.,NYSE,Materials,119.08,21.53,1.79,5.09,123.15,106.97,53076824,4217000000,3.589782,7.96
MCO,Moody's Corp,NYSE,Financials,152.14,26.55,1.11,1.35,167.23,106.48,30189978,1238000000,9.932974,73.84
MS,Morgan Stanley,NYSE,Financials,51.79,14.23,1.83,3.09,58.05,40.06,97535400,0,2.2258842,1.33
MSI,Motorola Solutions Inc.,NYSE,Information_Technology,98.74,19.03,2.03,-1.08,107.78,77.23,16626040,1629000000,2.6092634,6.81
NOV,National Oilwell Varco Inc.,NYSE,Energy,32.64,-77.71,0.59,-6.4,41.895,29.9,12940097,353000000,2.5209634,0.91
NWL,Newell Brands,NYSE,Consumer_Discretionary,27.91,9.72,3.12,1.17,55.08,23.85,14438346,2021400000,1.2810479,1.01
NFX,Newfield Exploration Co,NYSE,Energy,26.38,13.12,0,-6.5,43.74,24.41,5695123,896000000,4.703259,4.51
NEM,Newmont Mining Corporation,NYSE,Materials,36.61,26.34,0.81,-1.18,42.04,31.42,19749449,1509000000,3.7076392,1.81
NEE,NextEra Energy,NYSE,Utilities,145.29,21.65,2.65,11.39,159.64,124.18,69661178,9018000000,4.091698,2.75
NLSN,Nielsen Holdings,NYSE,Industrials,33.9,18.73,3.62,1.39,45.73,34.22,13377670,1836000000,2.7288198,3.02
NKE,Nike,NYSE,Consumer_Discretionary,62.49,24.9,1.22,2.51,68.83,50.35,106776114,5162000000,3.0549932,8.91
NI,NiSource Inc.,NYSE,Utilities,22.51,19.57,3.38,1.02,27.76,21.93,7776566,1448600000,2.2361343,1.82
NBL,Noble Energy Inc,NYSE,Energy,25.43,105.96,1.48,-2.32,39.6,22.985,13177325,-518000000,4.6976447,1.44
JWN,Nordstrom,NYSE,Consumer_Discretionary,47.23,15.04,3,2.02,53,37.7924,8212510,1448000000,0.74603415,9.1
NSC,Norfolk Southern Corp.,NYSE,Industrials,136.89,20.65,2.02,18.73,157.1499,109.27,40543547,4737000000,3.8525908,3.09
NOC,Northrop Grumman Corp.,NYSE,Industrials,324.01,24.4,1.3,11.47,349.18,231.98,58782414,3884000000,2.209576,7.96
NRG,NRG Energy,NYSE,Utilities,24,17.78,1.42,-2.23,29.78,14.52,8030036,1774000000,0.9933021,6.73
NUE,Nucor Corp.,NYSE,Materials,60.38,17.01,2.42,4.1,70.48,51.67,20003317,2648729000,0.99837583,2.34
OXY,Occidental Petroleum,NYSE,Energy,68.47,195.63,4.41,-0.75,78.09,57.2,53467692,5205000000,6.044895,
OMC,Omnicom Group,NYSE,Consumer_Discretionary,75.91,15.27,3.18,4.79,86.71,65.32,17377552,2366000000,1.5327156,6.66
OKE,ONEOK,NYSE,Energy,54.4,34,5.44,1.66,61.36,47.14,21988472,1851783000,2.6159565,4.03
ORCL,Oracle Corp.,NYSE,Information_Technology,46.84,18.81,1.56,2.2,53.14,40.01,202302350,16545000000,5.2561646,3.56
PKG,Packaging Corporation of America,NYSE,Materials,111.95,18.57,2.15,7.07,131.1316,88.47,11051274,1214900000,1.741522,5.54
PH,Parker-Hannifin,NYSE,Industrials,174.51,21.6,1.44,7.24,212.8,145.38,24421669,2092089000,1.8652664,4.39
PNR,Pentair Ltd.,NYSE,Industrials,66.67,18.89,2.04,3.63,74.84,57.63,12466661,863700000,2.5191512,2.48
PKI,PerkinElmer,NYSE,Health_Care,72.06,24.68,0.37,2.64,84.49,52.63,8351767,445658000,3.7116463,3.25
PRGO,Perrigo,NYSE,Health_Care,84.44,,0.73,-28.01,95.93,63.68,12326380,0,3.3850067,2.03
PFE,Pfizer Inc.,NYSE,Health_Care,33.63,12.69,3.89,3.51,39.43,31.67,208505542,20569000000,4.0020885,3.4
PCG,PG&E Corp.,NYSE,Utilities,38.24,8.75,0,2.78,71.57,38.45,20309412,6471000000,1.5730644,1.09
PM,Philip Morris International,NYSE,Consumer_Staples,100.39,22.36,4.33,4.48,123.55,96.66,153580672,11802000000,2.7574685,1318.7
PSX,Phillips 66,NYSE,Energy,92.44,21.11,2.93,9.93,107.47,75.135,47996220,5311000000,0.47499472,2.12
PNW,Pinnacle West Capital,NYSE,Utilities,74.34,16.06,3.7,3.95,92.48,73.81,8397610,1614399000,2.9931207,1.65
PXD,Pioneer Natural Resources,NYSE,Energy,169.16,118.29,0.18,-3.39,199.83,125.46,29983120,1717000000,6.7890477,2.76
PNC,PNC Financial Services,NYSE,Financials,149.38,17.55,1.94,10.4,160.07,115.25,73315000,0,4.04653,1.53
RL,Polo Ralph Lauren Corp.,NYSE,Consumer_Discretionary,101.32,17.74,1.86,-1.19,119.33,66.06,8753430,506100000,1.3948758,2.44
PPG,PPG Industries,NYSE,Materials,110.3,18.73,1.58,6.31,122.0697,99.57,29043338,2585000000,1.9551051,4.83
PPL,PPL Corp.,NYSE,Utilities,29.52,12.83,5.22,2.79,40.2,29.205,20839815,3937000000,3.7497053,1.95
PX,Praxair Inc.,NYSE,Materials,144.07,24.63,2.2,4.32,166.95,115.53,42948664,3632000000,3.887915,6.88
PFG,Principal Financial Group,NYSE,Financials,60.38,11.96,3.19,4.5,75.585,58.9401,18457200,0,1.7167546,1.53
PG,Procter & Gamble,NYSE,Consumer_Staples,80.22,20.46,3.37,5.6,94.67,80.1,206318943,17249000000,3.1595004,3.85
PGR,Progressive Corp.,NYSE,Financials,51.07,20.76,2.11,2.73,58.25,36.84,31062780,0,1.1458876,3.25
PLD,Prologis,NYSE,Real_Estate,58.33,20.76,2.93,3.06,67.53,48.69,31953288,2969194000,14.380373,2.11
PRU,Prudential Financial,NYSE,Financials,103.38,9.99,2.7,9.73,127.14,97.88,47136080,0,1.083727,0.93
PEG,Public Serv. Enterprise Inc.,NYSE,Utilities,46.73,16.11,3.61,1.75,53.28,41.67,24138050,3613000000,3.4491453,1.88
PSA,Public Storage,NYSE,Real_Estate,180.49,18.21,4.32,6.81,232.21,180.9254,32258540,1924803000,16.16417,6.56
PHM,Pulte Homes Inc.,NYSE,Consumer_Discretionary,28.67,12.86,1.2,1.44,35.21,21.06,8792572,992811000,1.0341544,1.99
PVH,PVH Corp.,NYSE,Consumer_Discretionary,142.68,20.98,0.1,6.77,157.96,84.53,11478626,1057500000,1.7617522,2.14
PWR,Quanta Services Inc.,NYSE,Industrials,33.51,17.54,0,1.28,40.105,30.23,5330131,649404000,0.77893436,1.43
DGX,Quest Diagnostics,NYSE,Health_Care,96.42,17.07,1.99,5.5,112.965,90.1,13578300,1453000000,1.7709883,2.82
RRC,Range Resources Corp.,NYSE,Energy,12.82,35.61,0.61,-2.79,34.09,12.7,3255588,820095000,1.9624339,0.59
RJF,Raymond James Financial Inc.,NYSE,Financials,86.06,16.94,1.1,4.12,99.1,71.35,13216272,0,1.9734555,2.34
RTN,Raytheon Co.,NYSE,Industrials,198.74,25.78,1.56,6.95,213.45,147.86,59066256,3868000000,2.2938328,5.28
O,Realty Income Corporation,NYSE,Real_Estate,47.56,15.54,5.37,1.12,63.6,48.89,13784942,1075568000,15.588069,1.92
RHT,Red Hat Inc.,NYSE,Information_Technology,124.65,79.9,0,1.68,135.77,78.48,22799924,541809000,8.202077,15.69
REG,Regency Centers Corporation,NYSE,Real_Estate,55.58,15.27,3.69,1.43,72.05,56.66,9858367,487636000,13.762162,1.51
RF,Regions Financial Corp.,NYSE,Financials,17.9,17.9,1.9,1,19.9,13,21500640,0,3.474771,1.32
RSG,Republic Services Inc,NYSE,Industrials,62.72,26.13,2.14,1.77,69.4,57.53,21590904,2734000000,2.8841186,2.83
RMD,ResMed,NYSE,Health_Care,89.26,31.54,1.51,2.41,104.78,67.04,13233623,636942000,6.1640687,6.61
RHI,Robert Half International,NYSE,Industrials,52.26,20.18,1.71,2.32,60.59,42.92,7047165,565196000,1.3330402,5.98
ROK,Rockwell Automation Inc.,NYSE,Industrials,178.73,26.48,1.77,6.35,210.72,147.67,24123216,1323200000,3.760594,10.94
COL,Rockwell Collins,NYSE,Industrials,133.31,22.29,0.97,4.8,139.63,89.9,22197871,1696000000,3.781273,3.46
ROP,Roper Technologies,NYSE,Industrials,259.4,27.57,0.62,9.38,290.415,191.22,27247790,1555209000,5.9715905,4.23
RCL,Royal Caribbean Cruises Ltd,NYSE,Consumer_Discretionary,122.45,16.26,1.87,7.53,135.65,93.4,27418147,2876309000,3.1026611,2.56
CRM,Salesforce.com,NYSE,Information_Technology,104.03,520.15,0,0.27,114.52,79.63,79489115,925804000,10.3738785,8.81
SCG,SCANA Corp,NYSE,Utilities,35.6,8.75,6.68,4.16,71.28,35.31,5229449,1459000000,1.651705,0.92
SLB,Schlumberger Ltd.,NYSE,Energy,67.4,44.93,2.87,-1.08,82.71,61.02,96529311,3222000000,3.2297828,2.64
SNI,Scripps Networks Interactive Inc.,NYSE,Consumer_Discretionary,86.46,16.04,1.38,5.18,88.87,64.87,11328642,1351059000,4.374079,4.22
SEE,Sealed Air,NYSE,Materials,42.62,21.31,1.44,2.46,50.62,41.22,8001938,969700000,2.4700067,10.55
SRE,Sempra Energy,NYSE,Utilities,103.36,19.14,3.16,5.45,122.975,100.63,26163862,3763000000,3.15303,1.98
SHW,Sherwin-Williams,NYSE,Materials,387.65,26.75,0.84,18.61,435.15,302.0101,37730995,2160668000,2.5276077,13.42
SIG,Signet Jewelers,NYSE,Consumer_Discretionary,49.38,6.65,2.47,7.03,77.94,46.09,3034276,852700000,0.7564699,1.38
SPG,Simon Property Group Inc,NYSE,Real_Estate,152.18,13.56,5.04,6.25,187.35,150.15,48139840,4411515000,8.754495,13.24
SLG,SL Green Realty,NYSE,Real_Estate,90.61,14.07,3.5,0.88,115.34,91.2,8617714,795889000,6.5820084,1.32
SNA,Snap-On Inc.,NYSE,Consumer_Discretionary,156.72,15.81,1.97,9.2,185.47,140.83,9499108,982200000,3.5114813,3.21
SO,Southern Co.,NYSE,Utilities,43.4,15.78,5.35,2.53,53.51,42.63,43497224,6012000000,2.5080602,1.82
LUV,Southwest Airlines,NYSE,Industrials,55.63,15.89,0.86,5.82,66.985,49.76,34351212,4533000000,1.6294897,3.84
SWK,Stanley Black & Decker,NYSE,Consumer_Discretionary,152.86,20.57,1.58,8.05,176.62,121.09,24496400,2264600000,1.944325,3.34
STT,State Street Corp.,NYSE,Financials,98.54,15.35,1.62,5.23,114.27,75.27,38059113,0,3.263072,1.95
SYK,Stryker Corp.,NYSE,Health_Care,148.01,23.46,1.22,2.68,170,122.01,57509097,2863000000,4.635566,5.54
STI,SunTrust Banks,NYSE,Financials,65.8,16.25,2.32,4.48,72.06,51.96,32498948,0,3.3089445,1.38
SYF,Synchrony Financial,NYSE,Financials,34.98,13.35,1.6,2.41,40.59,26.01,28893750,0,2.1096623,1.97
SYY,Sysco Corp.,NYSE,Consumer_Staples,57,22.98,2.46,2.08,64.27,48.85,30445321,2988725000,0.7295535,13.4
TGT,Target Corp.,NYSE,Consumer_Discretionary,71.11,14.19,3.39,4.71,78.7,48.56,39816697,7105000000,0.8047394,3.45
TEL,TE Connectivity Ltd.,NYSE,Information_Technology,95.27,19.72,1.61,4.71,108.23,71.93,34983666,2797000000,2.5734365,3.6
FTI,TechnipFMC,NYSE,Energy,29.1,18.77,1.71,0,35,24.53,14163064,540167833.4,1.561575,1.06
TXT,Textron Inc.,NYSE,Industrials,55.54,22.13,0.14,1.14,62.19,45,15254672,1454000000,1.0645695,2.57
BK,The Bank of New York Mellon Corp.,NYSE,Financials,53.29,14.76,1.73,3.73,58.99,44.91,56083905,0,3.3834257,1.49
CLX,The Clorox Company,NYSE,Consumer_Staples,127.76,23.44,2.63,5.33,150.4,124.09,16540418,1295000000,2.798683,21.62
COO,The Cooper Companies,NYSE,Health_Care,223.17,22.96,0.03,7.52,256.39,187.02,11297958,615700000,6.8538465,3.57
HSY,The Hershey Company,NYSE,Consumer_Staples,97.65,20.51,2.65,3.66,116.49,98.851,20867272,1404123000,2.8396711,25.64
MOS,The Mosaic Company,NYSE,Materials,24.13,23.66,0.4,0.85,34.36,19.23,9726962,1165100000,1.8161958,0.94
TRV,The Travelers Companies Inc.,NYSE,Financials,135.01,16.48,2.03,7.31,150.55,113.76,38903132,0,1.33382,1.63
DIS,The Walt Disney Company,NYSE,Consumer_Discretionary,101.35,17.78,1.6,5.7,116.1,96.2,157817273,12544000000,3.9635563,3.82
TMO,Thermo Fisher Scientific,NYSE,Health_Care,198.73,21.84,0.33,5.6,226.44,151.69,83226586,4751300000,4.015666,3.38
TIF,Tiffany & Co.,NYSE,Consumer_Discretionary,99.62,27,1.94,3.55,111.44,77.93,12810515,949500000,4.516748,3.97
TWX,Time Warner Inc.,NYSE,Consumer_Discretionary,93.02,15.35,1.69,6.62,103.9,85.88,74185800,7671000000,2.3735986,2.73
TJX,TJX Companies Inc.,NYSE,Consumer_Discretionary,74.36,21.01,1.64,3.46,81.46,66.44,48181451,4600216000,1.9293598,10.35
TMK,Torchmark Corp.,NYSE,Financials,80.52,17.02,0.72,4.5,93.595,73.53,9614412,0,3.1079664,1.88
TSS,Total System Services,NYSE,Information_Technology,81.17,25.85,0.61,3.16,89.92,50.96,15694951,1097534000,3.175548,6.57
TDG,TransDigm Group,NYSE,Industrials,283,23.76,0,7.92,321.38,203.72,15241204,1635916000,4.268832,
TSN,Tyson Foods,NYSE,Consumer_Staples,73.92,13.92,1.64,4.79,84.65,57.2,26957527,2521000000,0.93730986,2.55
USB,U.S. Bancorp,NYSE,Financials,52.65,15.35,2.19,3.52,58.5,49.535,90940116,0,3.7773547,2.09
UDR,UDR Inc,NYSE,Real_Estate,32.92,17.79,3.67,1.08,40.71,33.31,9050154,665141000,12.365829,3.27
UA,Under Armour Class C,NYSE,Consumer_Discretionary,11.95,29.15,0,0.45,21.805,10.36,5366629,399277000,1.4738787,2.5
UNP,Union Pacific,NYSE,Industrials,124.86,22.06,2.06,13.52,143.05,101.06,101513290,10169000000,4.8605075,
UAL,United Continental Holdings,NYSE,Industrials,63.37,8.85,0,7.05,83.04,56.51,19363059,5929000000,0.5020496,2.09
UNH,United Health Group Inc.,NYSE,Health_Care,216.46,21.47,1.33,10.71,250.79,156.49,218834811,17454000000,1.0903316,4.71
UPS,United Parcel Service,NYSE,Industrials,109.28,18.27,2.97,5.62,135.53,102.12,96436357,7919000000,1.4744618,64.7
URI,"United Rentals, Inc.",NYSE,Industrials,161.99,16.33,0,15.72,189,100.621,14654954,2760000000,2.1782618,4.53
UTX,United Technologies,NYSE,Industrials,127.48,19.26,2.12,5.7,139.24,107.05,105387272,10584000000,1.7324123,3.4
UHS,"Universal Health Services, Inc.",NYSE,Health_Care,114.87,15.36,0.34,7.14,129.74,95.26,11116075,1676204000,1.3158662,2.21
UNM,Unum Group,NYSE,Financials,47.87,11.51,1.82,4.38,58.73,43.55,11256432,0,0.9984924,1.19
VFC,V.F. Corp.,NYSE,Consumer_Discretionary,78.75,25.9,2.29,2.55,82.95,48.05,31797646,1624441000,3.7110944,7.89
VLO,Valero Energy,NYSE,Energy,86.77,18.74,3.56,9.24,99.95,60.69,39312309,5401000000,0.4211918,1.93
VAR,Varian Medical Systems,NYSE,Health_Care,112.82,29.93,0,2.69,130.29,77.73,10692682,500600000,3.9652252,7.32
VTR,Ventas Inc,NYSE,Real_Estate,50.92,12.21,5.97,1.86,72.36,51.8,18865999,1935931000,7.0740495,1.76
VZ,Verizon Communications,NYSE,Telecomm_Services,49.04,13.08,4.63,7.36,54.77,42.8,208092277,45745000000,1.6452544,7.96
V,Visa Inc.,NYSE,Information_Technology,113.86,32.72,0.7,2.8,126.88,84.88,270038723,13086000000,14.433654,9.4
VNO,Vornado Realty Trust,NYSE,Real_Estate,66.18,16.22,3.74,4.33,111.72,66.0101,12778780,0,7.1491003,3.63
VMC,Vulcan Materials,NYSE,Materials,121.47,40.9,0.78,3.1,141.2,108.95,16964162,970976000,5.7576876,3.54
WMT,Wal-Mart Stores,NYSE,Consumer_Staples,100.02,23.1,1.98,4.39,109.98,66.89,304680932,30721000000,0.82099426,3.89
WM,Waste Management Inc.,NYSE,Industrials,79.12,25.36,2.08,2.66,89.73,69.55,35488487,3896000000,3.2787669,6.73
WAT,Waters Corporation,NYSE,Health_Care,191.79,26.64,0,0.19,220.2,145.94,16064079,773932000,6.9824114,6.15
WEC,Wec Energy Group Inc,NYSE,Utilities,59.5,19.57,3.69,3.79,70.09,56.63,18890297,2736500000,2.4834197,2.1
WFC,Wells Fargo,NYSE,Financials,55.4,13.58,2.71,4.07,66.31,49.27,281463621,0,2.8728192,1.58
HCN,Welltower Inc.,NYSE,Real_Estate,54.67,12.74,6.15,2.81,78.17,55.29,20943679,1908253000,6.725218,1.49
WU,Western Union Co,NYSE,Information_Technology,18.81,10.17,3.59,0.51,22.21,18.39,8951609,694600000,2.22677,12.65
WY,Weyerhaeuser Corp.,NYSE,Real_Estate,33.6,34.29,3.71,0.77,37.89,30.9504,26070298,1365000000,3.6396794,2.9
WHR,Whirlpool Corp.,NYSE,Consumer_Discretionary,164.95,11.77,2.57,4.51,202.99,158.8,12177920,1842000000,0.58064795,2.57
WMB,Williams Cos.,NYSE,Energy,28.56,48.41,4,-0.57,33.67,26.8188,24802396,3955000000,4.2982845,3.01
WYN,Wyndham Worldwide,NYSE,Consumer_Discretionary,113.56,18.77,1.95,5.53,127.96,80.11,11993836,1232000000,2.7332082,18.91
XRX,Xerox Corp.,NYSE,Information_Technology,29.8,8.87,3.21,0.59,37.42,26.64,7938833,1191000000,0.7877656,1.49
XL,XL Capital,NYSE,Financials,41.26,-19.93,2.1,-2.24,47.27,33.77,10753424,0,0.84394187,0.97
XYL,Xylem Inc.,NYSE,Industrials,70.24,30.94,1.17,1.83,76.81,46.86,12915021,722000000,2.7262094,5.31
YUM,Yum! Brands Inc,NYSE,Consumer_Discretionary,76.3,27.25,1.8,4.07,86.93,62.85,27003303,2289000000,6.3136363,212.08
ZTS,Zoetis,NYSE,Health_Care,71.51,32.8,0.68,1.65,80.13,52,35991110,1734000000,9.280896,18.09
